nodeKey,collection,pali_name,sinhala_name,sutta_count,min_sutta_chars,max_sutta_chars,total_vagga_chars,chapter_url,content_file
an-1-1,an,1. චිත්තපරියාදානවග්ගො,1. චිත්තපරියාදාන වර්‍ගය,10,353,862,4401,/tipitaka/an-1-1,an-1
an-1-15,an,15. අට්ඨානපාළි,15. අට්ඨාන පාළිය,22,379,843,11905,/tipitaka/an-1-15,an-1
an-1-16-3,an,3. තතියොවග්ගො,3. තෙවන වර්‍ගය,14,246,861,6101,/tipitaka/an-1-16-3,an-1
an-1-16-4,an,4. ජම්බුදීපපෙය්යාලො,4. ජම්බුදීපපෙය්‍යාලය,25,291,907,11895,/tipitaka/an-1-16-4,an-1
an-1-2,an,2. නීවරණප්පහානවග්ගො,2. නීවරණප්‍රහාණ වර්‍ගය,10,566,866,6756,/tipitaka/an-1-2,an-1
an-1-3,an,3. අකම්මනියවග්ගො,3. අකර්‍මණ්‍ය වර්‍ගය,10,302,443,3639,/tipitaka/an-1-3,an-1
an-1-4,an,4. අදන්තවග්ගො,4. අදන්ත වර්‍ගය,10,314,467,3556,/tipitaka/an-1-4,an-1
an-1-5,an,5. සූකවග්ගො,5. ශුක වර්‍ගය,10,197,999,6677,/tipitaka/an-1-5,an-1
an-1-6,an,6. පභස්සරවග්ගො,6. ප්‍රභාස්වර වර්‍ගය,10,321,524,4391,/tipitaka/an-1-6,an-1
an-1-7,an,7. වීරියාරම්භවග්ගො,7. වීර්‍ය්‍යාරම්භ වර්‍ගය,10,506,549,5314,/tipitaka/an-1-7,an-1
an-1-8,an,8. කල්යාණමිත්තවග්ගො,8. කල්‍යාණමිත්‍ර වර්‍ගය,11,259,682,5314,/tipitaka/an-1-8,an-1
an-1-9,an,9. පමාදවග්ගො,9. ප්‍රමාද වර්‍ගය,16,304,503,5501,/tipitaka/an-1-9,an-1
an-10-3-3,an,3. පරිසුද්ධවග්ගො,3. පරිශුද්ධ වර්‍ගය,11,398,776,6296,/tipitaka/an-10-3-3,an-10-3
an-10-3-4,an,4. සාධුවග්ගො,4. සාධු වර්‍ගය,11,500,1127,6893,/tipitaka/an-10-3-4,an-10-3
an-10-3-5,an,5. අරියවග්ගො,5. අරිය වර්‍ගය,10,526,770,6335,/tipitaka/an-10-3-5,an-10-3
an-10-4-3,an,3. සාධුවග්ගො,3. සාධු වර්‍ගය,11,492,1225,6876,/tipitaka/an-10-4-3,an-10-4
an-10-4-4,an,4. අරියමග්ගවග්ගො,4. අරියමග්ග වර්‍ගය,10,545,763,6424,/tipitaka/an-10-4-4,an-10-4
an-10-5-3,an,3. රාගාදිපෙය්යාලං,3. රාගාදිපෙය්‍යාලය,28,64,584,4132,/tipitaka/an-10-5-3,an-10-5
an-2-1-3,an,3. බාලවග්ගො,3. බාල වර්‍ගය,12,219,1173,6212,/tipitaka/an-2-1-3,an-2
an-2-16,an,16. කොධවග්ගො,16. ක්‍රෝධ වර්‍ගය,10,428,864,6322,/tipitaka/an-2-16,an-2
an-2-2-10,an,10. බාලවග්ගො,10. බාල වර්‍ගය,20,298,443,7146,/tipitaka/an-2-2-10,an-2
an-2-2-7,an,7. සුඛවග්ගො,7. සුඛ වර්‍ගය,13,356,534,5438,/tipitaka/an-2-2-7,an-2
an-2-2-8,an,8. සනිමිත්තවග්ගො,8. සනිමිත්ත වර්‍ගය,10,270,382,2943,/tipitaka/an-2-2-8,an-2
an-2-2-9,an,9. ධම්මවග්ගො,9. ධර්‍ම වර්‍ගය,11,238,319,3030,/tipitaka/an-2-2-9,an-2
an-2-3-11,an,11. ආසාවග්ගො,11. ආසා වර්‍ගය,12,238,426,3972,/tipitaka/an-2-3-11,an-2
an-2-3-12,an,12. ආයාචනවග්ගො,12. ආයාචන වර්‍ගය,15,212,1003,10010,/tipitaka/an-2-3-12,an-2
an-2-3-13,an,13. දානවග්ගො,13. දාන වර්‍ගය,10,349,441,3889,/tipitaka/an-2-3-13,an-2
an-2-3-14,an,14. සන්ථාරවග්ගො,14. සන්‍ථාර වර්‍ගය,12,351,456,4771,/tipitaka/an-2-3-14,an-2
an-2-3-15,an,15. සමාපත්තිවග්ගො,15. සමාපත්ති වර්‍ගය,17,221,308,4441,/tipitaka/an-2-3-15,an-2
an-3-7,an,7. කම්මපථ පෙය්යාලං,7. කම්මපථ පෙය්‍යාලය,20,273,516,6760,/tipitaka/an-3-7,an-3-3
an-4-5-2,an,2. පරිසසොභනවග්ගො,2. පරිසසෝභන වර්‍ගය,10,711,1236,9321,/tipitaka/an-4-5-2,an-4-5
an-4-7,an,7. කම්මපථවග්ගො,7. කම්මපථ වර්‍ගය,10,935,1311,10554,/tipitaka/an-4-7,an-4-5
an-6-2-5,an,5. ආනිසංස වග්ගො,5. ආනිසංස වර්‍ගය,11,415,1420,11126,/tipitaka/an-6-2-5,an-6-2
an-6-3-1,an,1. තික වග්ගො,1. තික වර්‍ගය,10,791,1103,9088,/tipitaka/an-6-3-1,an-6-2
an-7-2-4,an,4. සමණවග්ගො,4. සමණ වර්‍ගය,10,215,820,3930,/tipitaka/an-7-2-4,an-7-2
an-9-2-1,an,1. ඛෙමවග්ගො,1. ඛේම වර්‍ගය,11,147,1205,4733,/tipitaka/an-9-2-1,an-9
ap-yam-8-1-1,ap-yam,පුග්ගලවාරො,පුද්ගලවාරය,14,294,1412,10420,/tipitaka/ap-yam-8-1-1,ap-yam-8
atta-an-10-1-1,atta-an,1. ආනිසංසවග්ගො,1. ආනිසංස වර්ගය,7,240,1490,4521,/tipitaka/atta-an-10-1-1,atta-an-10
atta-an-2-2-7,atta-an,7. සුඛවග්ගො,7. සුඛ වර්ගය,12,164,507,3284,/tipitaka/atta-an-2-2-7,atta-an-2
atta-an-4-3-1,atta-an,1. වලාහකවග්ගො,1. වලාහක වර්ගය,8,280,570,2949,/tipitaka/atta-an-4-3-1,atta-an-4
atta-an-4-3-2,atta-an,2. කෙසිවග්ගො,2. කේසි වර්ගය,8,445,1363,6212,/tipitaka/atta-an-4-3-2,atta-an-4
atta-an-4-3-4,atta-an,4. පුග්ගලවග්ගො,4. පුග්ගල වර්ගය,9,372,1439,6791,/tipitaka/atta-an-4-3-4,atta-an-4
atta-an-5-3-1,atta-an,1. ඵාසුවිහාර වග්ගො,1. ඵාසු විහාර වර්ගය,7,275,928,4478,/tipitaka/atta-an-5-3-1,atta-an-5
atta-an-5-4-1,atta-an,1. සද්ධම්මවග්ගො,1. සද්ධම්ම වර්ගය,8,248,1283,4736,/tipitaka/atta-an-5-4-1,atta-an-5
atta-an-6-2-2,atta-an,2. අනාගාමි වග්ගො,2. අනාගාමී වර්ගය,7,246,875,3507,/tipitaka/atta-an-6-2-2,atta-an-6
atta-an-6-2-3,atta-an,3. අරහත්ත වග්ගො,3. අරහත්ත වර්ගය,7,337,847,3840,/tipitaka/atta-an-6-2-3,atta-an-6
atta-an-8-2-4,atta-an,9. සතිවග්ගො,9. සති වර්ගය,9,407,1396,7182,/tipitaka/atta-an-8-2-4,atta-an-8
atta-sn-1-1-7,atta-sn,7. අන්වවග්ගො,7. අන්ව වර්ගය,10,116,1164,4032,/tipitaka/atta-sn-1-1-7,atta-sn-1
atta-sn-2-5-1,atta-sn,1. දාරුණවග්ගො,1. දාරුණ වර්ගය,9,287,1489,8068,/tipitaka/atta-sn-2-5-1,atta-sn-2
atta-sn-2-5-3,atta-sn,3. මාතුගාමවග්ගො,3. මාතු වර්ගය,8,133,718,3037,/tipitaka/atta-sn-2-5-3,atta-sn-2
atta-sn-3-1-2-2,atta-sn,2. අරහත්තවග්ගො,2. අරහන්ත වර්ගය,8,148,435,1942,/tipitaka/atta-sn-3-1-2-2,atta-sn-3
atta-sn-3-1-3-2,atta-sn,2. ධම්මකථිකවග්ගො,2. ධම්මකථික වර්ගය,7,209,1293,3512,/tipitaka/atta-sn-3-1-3-2,atta-sn-3
atta-sn-4-1-8,atta-sn,8. ගිලානවග්ගො,8. ගිලාන වර්ගය,6,186,1064,3478,/tipitaka/atta-sn-4-1-8,atta-sn-4
atta-sn-5-12-4,atta-sn,4. සීසපාවනවග්ගො,4. සීසපාවන වර්ගය,6,195,619,2102,/tipitaka/atta-sn-5-12-4,atta-sn-5
atta-sn-5-12-9,atta-sn,9. තතිය ආමකධඤ්ඤපෙය්යාලවග්ගො,9. තතිය ආමකධඤ්ඤ පෙය්‍යාල වර්ගය,7,265,777,2952,/tipitaka/atta-sn-5-12-9,atta-sn-5
atta-sn-5-8-1,atta-sn,1. රහොගතවග්ගො,1. රහොගත වර්ගය,6,129,886,2627,/tipitaka/atta-sn-5-8-1,atta-sn-5
atta-vp-pct-2-4-3,atta-vp-pct,නග්ගවග්ගො,3. නග්නවර්‍ගය,10,371,1302,9353,/tipitaka/atta-vp-pct-2-4-3,atta-vp-pct
atta-vp-pct-2-4-4,atta-vp-pct,තුවට්ටවග්ගො,4. තුවට්ටවර්‍ගය,8,362,1351,6163,/tipitaka/atta-vp-pct-2-4-4,atta-vp-pct
atta-vp-pct-2-4-7,atta-vp-pct,ගබ්භිනිවග්ගො,7. ගබ්භිනීවර්‍ගය,10,223,1190,5397,/tipitaka/atta-vp-pct-2-4-7,atta-vp-pct
kn-ap-1-15,kn,15. ඡත්තවග්ගො,15. ඡත්ත වර්‍ගය,10,939,1370,11646,/tipitaka/kn-ap-1-15,kn-ap-1-5
kn-ap-1-24,kn,24. උදකාසනවග්ගො,24. උදකාසන වර්‍ගය,10,826,1262,10050,/tipitaka/kn-ap-1-24,kn-ap-1-19
kn-ap-1-25,kn,25. තුවරදායකවග්ගො,25. තුවරදායක වර්‍ගය,10,784,1301,10052,/tipitaka/kn-ap-1-25,kn-ap-1-19
kn-ap-1-27,kn,27. ආකාසුක්ඛිපියවග්ගො,27. ආකාසුක්ඛිපිය වර්‍ගය,10,851,1335,10910,/tipitaka/kn-ap-1-27,kn-ap-1-19
kn-ap-1-28,kn,28. සුවණ්ණබිම්බොහනවග්ගො,28. ස්වර්‍ණබිම්බොහන වර්‍ගය,10,872,1295,10940,/tipitaka/kn-ap-1-28,kn-ap-1-19
kn-ap-1-36,kn,36. සද්දසඤ්ඤකවග්ගො,36. සද්දසඤ්ඤක වර්‍ගය,10,810,1338,10560,/tipitaka/kn-ap-1-36,kn-ap-1-33
kn-jat-1-1,kn,1. අපණ්ණකවග්ගො,1. අපණ්ණක වර්‍ගය,10,275,621,3789,/tipitaka/kn-jat-1-1,kn-jat
kn-jat-1-10,kn,10. ලිත්තවග්ගො,10. ලිත්ත වර්‍ගය,10,233,638,3443,/tipitaka/kn-jat-1-10,kn-jat
kn-jat-1-11,kn,11. පරොසතවග්ගො,11. පරොසත වර්‍ගය,10,224,626,3414,/tipitaka/kn-jat-1-11,kn-jat
kn-jat-1-12,kn,12. හංසිවග්ගො,12. හංස වර්‍ගය,10,238,608,3277,/tipitaka/kn-jat-1-12,kn-jat
kn-jat-1-13,kn,13. කුසනාළිවග්ගො,13. කුසනාළි වර්‍ගය,10,229,551,3160,/tipitaka/kn-jat-1-13,kn-jat
kn-jat-1-14,kn,14. අසම්පදානවග්ගො,14. අසම්පදාන වර්‍ගය,10,256,576,3214,/tipitaka/kn-jat-1-14,kn-jat
kn-jat-1-15,kn,15. කකණ්ටකවග්ගො,15. කකණ්ටක වර්‍ගය,10,229,1004,3412,/tipitaka/kn-jat-1-15,kn-jat
kn-jat-1-2,kn,2. සීලවග්ගො,2. සීල වර්‍ගය,10,268,614,4049,/tipitaka/kn-jat-1-2,kn-jat
kn-jat-1-3,kn,3. කුරුඞ්ගවග්ගො,3. කුරුඞ්ග වර්‍ගය,10,247,596,3560,/tipitaka/kn-jat-1-3,kn-jat
kn-jat-1-4,kn,4. කුලාවකවග්ගො,4. කුලාවක වර්‍ගය,10,247,673,3358,/tipitaka/kn-jat-1-4,kn-jat
kn-jat-1-5,kn,5. අත්ථකාමවග්ගො,5. අත්‍ථකාම වර්‍ගය,10,275,596,3390,/tipitaka/kn-jat-1-5,kn-jat
kn-jat-1-6,kn,6. ආසිංසවග්ගො,6. ආසිංස වර්‍ගය,10,252,664,3489,/tipitaka/kn-jat-1-6,kn-jat
kn-jat-1-7,kn,7. ඉත්ථිවග්ගො,7. ස්ත්‍රී වර්‍ගය,10,280,615,3572,/tipitaka/kn-jat-1-7,kn-jat
kn-jat-1-8,kn,8. වරණවග්ගො,8. වරුණ වර්‍ගය,10,217,940,3781,/tipitaka/kn-jat-1-8,kn-jat
kn-jat-1-9,kn,9. අපායිම්හවග්ගො,9. අපායිම්හ වර්‍ගය,10,242,607,3481,/tipitaka/kn-jat-1-9,kn-jat
kn-jat-2-10,kn,10. සිගාලවග්ගො,10. සිගාල වර්‍ගය,10,395,1402,5476,/tipitaka/kn-jat-2-10,kn-jat
kn-jat-2-2,kn,2. සන්ථවවග්ගො,2. සන්‍ථව වර්‍ගය,10,424,799,5668,/tipitaka/kn-jat-2-2,kn-jat
kn-jat-2-3,kn,3. කල්යාණධම්මවග්ගො,3. කල්‍යාණධම්ම වර්‍ගය,10,377,955,5433,/tipitaka/kn-jat-2-3,kn-jat
kn-jat-2-4,kn,4. අසදිසවග්ගො,4. අසදිස වර්‍ගය,10,435,872,5522,/tipitaka/kn-jat-2-4,kn-jat
kn-jat-2-5,kn,5. රුහකවග්ගො,5. රුහක වර්‍ගය,10,436,1014,5734,/tipitaka/kn-jat-2-5,kn-jat
kn-jat-2-7,kn,7. බීරණත්ථම්භක වග්ගො,7. බීරණථම්භ වර්‍ගය,10,416,1016,5876,/tipitaka/kn-jat-2-7,kn-jat
kn-jat-2-8,kn,8. කාසාවවග්ගො,8. කාසාව වර්‍ගය,10,504,1245,7163,/tipitaka/kn-jat-2-8,kn-jat
kn-jat-2-9,kn,9. උපාහනවග්ගො,9. උපාහන වර්‍ගය,10,422,1177,6030,/tipitaka/kn-jat-2-9,kn-jat
kn-jat-3-1,kn,1. සඞ්කප්පවග්ගො,1. සඞ්කප්ප වර්‍ගය,10,590,1099,7352,/tipitaka/kn-jat-3-1,kn-jat
kn-jat-3-2,kn,2. පදුමවග්ගො,2. පදුම වර්‍ගය,10,641,1058,7266,/tipitaka/kn-jat-3-2,kn-jat
kn-jat-3-3,kn,3. අරඤ්ඤවග්ගො,3. ආරණ්‍ය වර්‍ගය,10,611,1003,7452,/tipitaka/kn-jat-3-3,kn-jat
kn-jat-3-4,kn,4. අබ්භන්තරවග්ගො,4. අබ්භන්තර වර්‍ගය,10,634,1056,7499,/tipitaka/kn-jat-3-4,kn-jat
kn-jat-3-5,kn,5. කුම්භවග්ගො,5. කුම්භ වර්‍ගය,10,591,1333,7559,/tipitaka/kn-jat-3-5,kn-jat
kn-jat-4-1,kn,1. විවරවග්ගො,1. විවර වර්‍ගය,10,841,1302,10255,/tipitaka/kn-jat-4-1,kn-jat
kn-jat-4-2,kn,2. පුචිමන්දවග්ගො,2. පුචිමන්ද වර්‍ගය,10,735,1439,9326,/tipitaka/kn-jat-4-2,kn-jat
kn-jat-4-3,kn,3. කුටිදූසකවග්ගො,3. කුටිදූසක වර්‍ගය,10,756,1305,9486,/tipitaka/kn-jat-4-3,kn-jat
kn-jat-4-4,kn,4. කොකාලික වග්ගො,4. කෝකාලික වර්‍ගය,10,757,1408,9847,/tipitaka/kn-jat-4-4,kn-jat
kn-jat-5-2,kn,2. වණ්ණාරොහවග්ගො,2. වණ්ණාරෝහ වර්‍ගය,10,985,1273,11474,/tipitaka/kn-jat-5-2,kn-jat-5
kn-thag-1-1,kn,පඨමො වග්ගො,ප්‍රථම වර්‍ගය,10,376,939,5215,/tipitaka/kn-thag-1-1,kn-thag
kn-thag-1-10,kn,දසමො වග්ගො,දස වැනි වග,10,328,744,4391,/tipitaka/kn-thag-1-10,kn-thag
kn-thag-1-11,kn,එකාදසමො වග්ගො,එකොළොස් වැනි වග,10,357,816,4349,/tipitaka/kn-thag-1-11,kn-thag
kn-thag-1-12,kn,වග්ගො ද්වාදසමො,දොළොස් වැනි වග,10,350,1015,4558,/tipitaka/kn-thag-1-12,kn-thag
kn-thag-1-2,kn,දුතියො වග්ගො,ද්විතීය වර්‍ගය,10,335,733,4660,/tipitaka/kn-thag-1-2,kn-thag
kn-thag-1-3,kn,තතියො වග්ගො,තෘතීය වර්‍ගය,10,307,707,4071,/tipitaka/kn-thag-1-3,kn-thag
kn-thag-1-4,kn,චතුත්ථො වග්ගො,චතුර්‍ත්‍ථ වර්‍ගය,10,323,778,4486,/tipitaka/kn-thag-1-4,kn-thag
kn-thag-1-5,kn,පඤ්චමො වග්ගො,පඤ්චම වර්‍ගය,10,354,737,4481,/tipitaka/kn-thag-1-5,kn-thag
kn-thag-1-6,kn,ඡට්ඨො වග්ගො,ෂෂ්ඨ වර්‍ගය,10,342,739,4179,/tipitaka/kn-thag-1-6,kn-thag
kn-thag-1-7,kn,සත්තමො වග්ගො,සප්තම වර්‍ගය,10,359,772,4639,/tipitaka/kn-thag-1-7,kn-thag
kn-thag-1-8,kn,අට්ඨමො වග්ගො,අෂ්ටම වර්‍ගය,10,348,716,4500,/tipitaka/kn-thag-1-8,kn-thag
kn-thag-1-9,kn,නවමො වග්ගො,නවම වර්‍ගය,10,313,767,4162,/tipitaka/kn-thag-1-9,kn-thag
kn-thag-2-1,kn,වග්ගො පඨමො,ප්‍රථම වර්‍ගය,10,536,961,6192,/tipitaka/kn-thag-2-1,kn-thag
kn-thag-2-2,kn,වග්ගො දුතියො,දෙවැනි වර්‍ගය,10,519,963,6606,/tipitaka/kn-thag-2-2,kn-thag
kn-thag-2-3,kn,වග්ගො තතියො,තෙවන වර්‍ගය,10,518,905,6202,/tipitaka/kn-thag-2-3,kn-thag
kn-thag-2-4,kn,වග්ගො චතුත්ථො,සතරවැනි වර්‍ගය,10,521,1006,6841,/tipitaka/kn-thag-2-4,kn-thag
kn-thag-2-5,kn,වග්ගො පඤ්චමො,පස්වැනි වර්‍ගය,9,593,1111,6745,/tipitaka/kn-thag-2-5,kn-thag
kn-thag-3,kn,3. තිකනිපාතො,3. තික නිපාතය,16,722,1345,13610,/tipitaka/kn-thag-3,kn-thag
kn-thag-4,kn,4. චතුක්කනිපාතො,4. චතුක්ක නිපාතය,12,867,1356,12343,/tipitaka/kn-thag-4,kn-thag
kn-thig-1,kn,1. එකකනිපාතො,1. ඒකකනිපාතය,18,295,507,7144,/tipitaka/kn-thig-1,kn-thig
kn-thig-2,kn,2. දුකනිපාතො,2. දුකනිපාතය,10,565,711,6391,/tipitaka/kn-thig-2,kn-thig
kn-thig-3,kn,3. තිකනිපාතො,3. තිකනිපාතය,8,678,876,6269,/tipitaka/kn-thig-3,kn-thig
kn-thig-5,kn,5. පඤ්චකනිපාතො,5. පඤ්චකනිපාතය,12,1073,1352,14219,/tipitaka/kn-thig-5,kn-thig
sn-1-1-6,sn,6. ජරාවග්ගො,6. ජරා වර්‍ගය,10,434,734,5162,/tipitaka/sn-1-1-6,sn-1
sn-1-1-7,sn,7. අන්වවග්ගො,7. අන්‍ව වර්‍ගය,10,431,683,4723,/tipitaka/sn-1-1-7,sn-1
sn-1-1-8,sn,8. ඣත්වාවග්ගො,8. ඣත්‍වා වර්‍ගය,11,421,1240,8616,/tipitaka/sn-1-1-8,sn-1
sn-2-1-9-1,sn,1. සත්ථුවග්ගො,1. සත්‍ථු වර්‍ගය,11,229,1041,4204,/tipitaka/sn-2-1-9-1,sn-2-1-5
sn-3-2-2,sn,2. දුතිය මාරවග්ගො,2. දුතිය වර්‍ගය,12,650,1135,9350,/tipitaka/sn-3-2-2,sn-3-2
sn-3-5-1,sn,1. උප්පාදවග්ගො,1. උප්පාද වර්‍ගය,10,483,1398,7632,/tipitaka/sn-3-5-1,sn-3-2
sn-3-6-1,sn,1. කිලෙසවග්ගො,1. කිලේස වර්‍ගය,10,745,1183,9043,/tipitaka/sn-3-6-1,sn-3-2
sn-3-9-1,sn,1. සුපණ්ණ වග්ගො,1. සුපණ්ණ වර්‍ගය,25,121,1485,10241,/tipitaka/sn-3-9-1,sn-3-7
sn-4-1-17,sn,17. සට්ඨිපෙය්යාලො,17. සට්ඨිපෙය්‍යාල වර්‍ගය,30,409,1180,23985,/tipitaka/sn-4-1-17,sn-4-1-12
sn-4-3-2,sn,2. අනුරුද්ධවග්ගො,2. අනුරුද්ධ වර්‍ගය,11,580,1269,7654,/tipitaka/sn-4-3-2,sn-4-2
sn-4-9-1,sn,1. අසංඛතවග්ගො,1. අසඞ්ඛත වර්‍ගය,11,235,1157,5573,/tipitaka/sn-4-9-1,sn-4-8
sn-5-1-15,sn,15. එසනාවග්ගො,15. ඒසනා වර්‍ගය,16,507,1422,15413,/tipitaka/sn-5-1-15,sn-5
sn-5-1-7,sn,7. එකධම්මපෙය්යාලො,7. ඒකධම්මපෙය්‍යාලය,14,380,1448,8937,/tipitaka/sn-5-1-7,sn-5
sn-5-11-7,sn,7. මහාපඤ්ඤවග්ගො,7. මහාපඤ්ඤ වර්‍ගය,13,174,1216,3782,/tipitaka/sn-5-11-7,sn-5-11
sn-5-12-8,sn,8. දුතිය ආමකධඤ්ඤපෙය්යාලවග්ගො,8. දුතිය ආමකධඤ්ඤපෙය්‍යාල,10,338,806,4036,/tipitaka/sn-5-12-8,sn-5-12
sn-5-12-9,sn,9. තතිය ආමකධඤ්ඤපෙය්යාලවග්ගො,9. තතිය ආමකධඤ්ඤ පෙය්‍යාල වර්‍ගය,10,368,736,4281,/tipitaka/sn-5-12-9,sn-5-12
sn-5-2-5,sn,5. චක්කවත්තිවග්ගො,5. චක්කවත්ති වර්‍ගය,10,430,1361,9561,/tipitaka/sn-5-2-5,sn-5-2
sn-5-2-7,sn,7. ආනාපානවග්ගො,7. ආනාපාන වර්‍ගය,15,123,1275,7069,/tipitaka/sn-5-2-7,sn-5-2
sn-5-2-8,sn,8. නිරොධවග්ගො,8. නිරෝධ වර්‍ගය,15,124,1253,6953,/tipitaka/sn-5-2-8,sn-5-2
sn-5-4-3,sn,3. ඡළින්ද්රියවග්ගො,3. ඡළින්‍ද්‍රිය වර්‍ගය,10,325,1456,7844,/tipitaka/sn-5-4-3,sn-5-4
sn-5-4-7,sn,7. සම්බොධිවග්ගො,7. සම්බෝධි වර්‍ගය,10,467,1422,8701,/tipitaka/sn-5-4-7,sn-5-4
vp-pct-1-3-1,vp-pct,පරිමණ්ඩලවග්ගො,පරිමණ්ඩල වර්‍ගය,10,75,994,8480,/tipitaka/vp-pct-1-3-1,vp-pct-1-2
vp-pct-1-3-2,vp-pct,උජ්ජග්ඝිකවග්ගො,උජ්ජග්ඝික වර්‍ගය,10,77,886,7300,/tipitaka/vp-pct-1-3-2,vp-pct-1-2
vp-pct-1-3-3,vp-pct,ඛම්භකතවග්ගො,ඛම්භකත වර්‍ගය,10,70,1036,7010,/tipitaka/vp-pct-1-3-3,vp-pct-1-2
vp-pct-1-3-5,vp-pct,කබළවග්ගො,කබළ වර්‍ගය,10,65,781,6522,/tipitaka/vp-pct-1-3-5,vp-pct-1-2
